Product name,SKUID,String ID
10-Year Audit Log Retention Add On,c2e41e49-e2a2-4c55-832a-cf13ffba1d6a,10_ALR_ADDON
Advanced Communications,e4654015-5daf-4a48-9b37-4f309dddd88b,ADV_COMMS
AI Builder Capacity add-on,d2dea78b-507c-4e56-b400-39447f4738f8,CDSAICAPACITY
App Connect IW,8f0c5670-4e56-4892-b06d-91c085d7004f,SPZA_IW
App governance add-on to Microsoft Defender for Cloud Apps,9706eed9-966f-4f1b-94f6-bb2b4af99a5b,Microsoft_Cloud_App_Security_App_Governance_Add_On
Azure Information Protection Plan 1 (RIGHTSMANAGEMENT_CE),a0e6a48f-b056-4037-af70-b9ac53504551,RIGHTSMANAGEMENT_CE
Azure Information Protection Plan 1 (RIGHTSMANAGEMENT),c52ea49f-fe5d-4e95-93ba-1de91d380f89,RIGHTSMANAGEMENT
Azure Information Protection Premium P1 for Government,78362de1-6942-4bb8-83a1-a32aa67e6e2c,RIGHTSMANAGEMENT_CE_GOV
Azure Information Protection Premium P1_USGOV_GCCHIGH,c57afa2a-d468-46c4-9a90-f86cb1b3c54a,RIGHTSMANAGEMENT_CE_USGOV_GCCHIGH
Basic Collaboration,4468c39a-28b2-42fb-9094-840bcf28771f,OFFICEBASIC
Career Coach for faculty,95de1760-7682-406d-98c9-52ef14e51e2b,CAREERCOACH_FACULTY
Career Coach for students,01c8007a-57d2-41e0-a3c3-0b46ead16cc4,CAREERCOACH_STUDENTS
Clipchamp Premium,0fe440c5-f2bf-442b-a4f4-9a7af77a200b,Clipchamp_Premium
Clipchamp Premium Add-on,4b2c20e4-939d-4bf4-9dd8-6870240cfe19,Clipchamp_Premium_Add_on
Clipchamp Standard,481f3bc2-5756-4b28-9375-5c8c86b99e6b,Clipchamp_Standard
Common Data Service Database Capacity,e612d426-6bc3-4181-9658-91aa906b0ac0,CDS_DB_CAPACITY
Common Data Service Database Capacity for Government,eddf428b-da0e-4115-accf-b29eb0b83965,CDS_DB_CAPACITY_GOV
Common Data Service for Apps File Capacity,631d5fb1-a668-4c2a-9427-8830665a742e,CDS_FILE_CAPACITY
Common Data Service Log Capacity,448b063f-9cc6-42fc-a0e6-40e08724a395,CDS_LOG_CAPACITY
Communications Credits,47794cd0-f0e5-45c5-9033-2eb6b5fc84e0,MCOPSTNC
Compliance Manager Premium Assessment Add-On,8a5fbbed-8b8c-41e5-907e-c50c471340fd,CMPA_addon
Compliance Manager Premium Assessment Add-On for GCC,a9d7ef53-9bea-4a2a-9650-fa7df58fe094,CMPA_addon_GCC
Compliance Program for Microsoft Cloud,10dd46b2-c5ad-4de3-865c-a6fa1363fb51,Compliance_Program_for_Microsoft_Cloud
Defender Threat Intelligence,a9c51c15-ffad-4c66-88c0-8771455c832d,Defender_Threat_Intelligence
Digital Messaging for GCC Test SKU,064a9707-9dba-4cc1-9902-38bfcfda6328,MESSAGING_GCC_TEST
Dynamics 365 - Additional Database Storage (Qualified Offer),328dc228-00bc-48c6-8b09-1fbc8bc3435d,CRMSTORAGE
Dynamics 365 - Additional Non-Production Instance (Qualified Offer),e06abcc2-7ec5-4a79-b08b-d9c282376f72,CRMTESTINSTANCE
Dynamics 365 - Additional Non-Production Instance for Government,2cf302fe-62db-4e20-b573-e0998b1208b5,CRMTESTINSTANCE_NOPREREQ
Dynamics 365 - Additional Production Instance (Qualified Offer),9d776713-14cb-4697-a21d-9a52455c738a,CRMINSTANCE
Dynamics 365 AI for Market Insights (Preview),c6df1e30-1c9f-427f-907c-3d913474a1c7,SOCIAL_ENGAGEMENT_APP_USER
Dynamics 365 Asset Management Addl Assets,673afb9d-d85b-40c2-914e-7bf46cd5cd75,DYN365_ASSETMANAGEMENT
Dynamics 365 Business Central Additional Environment Addon,a58f5506-b382-44d4-bfab-225b2fbf8390,DYN365_BUSCENTRAL_ADD_ENV_ADDON
Dynamics 365 Business Central Database Capacity,7d0d4f9a-2686-4cb8-814c-eff3fdab6d74,DYN365_BUSCENTRAL_DB_CAPACITY
Dynamics 365 Business Central Essentials,2880026b-2b0c-4251-8656-5d41ff11e3aa,DYN365_BUSCENTRAL_ESSENTIAL
Dynamics 365 Business Central Essentials Attach,1d506c23-1702-46f1-b940-160c55f98d05,Dynamics_365_Business_Central_Essentials_Attach
Dynamics 365 Business Central External Accountant,9a1e33ed-9697-43f3-b84c-1b0959dbb1d4,DYN365_FINANCIALS_ACCOUNTANT_SKU
Dynamics 365 Business Central for IWs,6a4a1628-9b9a-424d-bed5-4118f0ede3fd,PROJECT_MADEIRA_PREVIEW_IW_SKU
Dynamics 365 Business Central Premium,f991cecc-3f91-4cd0-a9a8-bf1c8167e029,DYN365_BUSCENTRAL_PREMIUM
Dynamics 365 Business Central Team Members,2e3c4023-80f6-4711-aa5d-29e0ecb46835,DYN365_BUSCENTRAL_TEAM_MEMBER
Dynamics 365 Commerce,79909bd8-4c69-4202-939e-11bc4385b134,DYN365_RETAIL
Dynamics 365 Contact Center,dfb1700c-013e-4132-8bce-0d319c43a95d,DYNAMICS_365_CONTACT_CENTER
Dynamics 365 Contact Center Add-on for Customer Service Enterprise,39a78eb6-3a8a-4e1e-878a-575a5c8984e7,DYNAMICS_365_CONTACT_CENTER_ADD_ON_FOR_CUSTOMER_SERVICE_ENTERPRISE
Dynamics 365 Contact Center Digital,59d3d0bf-df39-4b8b-8601-ea6c09a7fd66,DYNAMICS_365_CONTACT_CENTER_DIGITAL
Dynamics 365 Contact Center Digital Add-on for Customer Service Enterprise,7e6e6091-1680-4532-9370-6cd4598483ac,DYNAMICS_365_CONTACT_CENTER_DIGITAL_ADD_ON_FOR_CUSTOMER_SERVICE_ENTERPRISE
Dynamics 365 Contact Center Voice,79e2368c-4568-48d5-a352-b0344afabcf8,DYNAMICS_365_CONTACT_CENTER_VOICE
Dynamics 365 Contact Center Voice Add-on for Customer Service Enterprise,73e8b747-20bf-463d-8ffd-274a7d65d0bc,DYNAMICS_365_CONTACT_CENTER_VOICE_ADD_ON_FOR_CUSTOMER_SERVICE_ENTERPRISE
Dynamics 365 Customer Engagement Plan,ea126fc5-a19e-42e2-a731-da9d437bffcf,DYN365_ENTERPRISE_PLAN1
Dynamics 365 Customer Insights Attach (Dynamics_365_Customer_Insights_Attach_New),ff22b8d4-5073-4b24-ba45-84ad5d9b6642,Dynamics_365_Customer_Insights_Attach_New
Dynamics 365 Customer Insights Attach (DYN365_CUSTOMER_INSIGHTS_ATTACH),a3d0cd86-8068-4071-ad40-4dc5b5908c4b,DYN365_CUSTOMER_INSIGHTS_ATTACH
Dynamics 365 Customer Insights Journeys T3 Interacted People,05735051-46c0-4c84-9107-bb13d77d0b88,Dynamics_365_Customer_Insights_Journeys_T3_Interacted_People
Dynamics 365 Customer Insights Standalone,0c250654-c7f7-461f-871a-7222f6592cf2,DYN365_CUSTOMER_INSIGHTS_BASE
Dynamics 365 Customer Insights User License,12b5a442-a6f2-49e4-868b-2d7408c2356f,Dynamics_365_Customer_Insights_User_License
Dynamics 365 Customer Service Digital Messaging and Voice Add-in for Government,6ec542c9-2a86-4d4a-8a52-d233eb58ef0a,DYN365_CS_OC_MESSAGING_VOICE_GOV
Dynamics 365 Customer Service Digital Messaging and Voice Add-in for Government for Test,ea9ba490-50b8-474e-8671-9fec0f1268f3,DYN365_CS_OC_MESSAGING_VOICE_GOV_TEST
Dynamics 365 Customer Service Digital Messaging Partner Sandbox,aeb8c883-d700-4aa1-8719-402b5adf2949,Dynamics_365_Customer_Service_Digital_Messaging_Partner_Sandbox
Dynamics 365 Customer Service Professional,1439b6e2-5d59-4873-8c59-d60e2a196e92,DYN365_CUSTOMER_SERVICE_PRO
Dynamics 365 Customer Service Voice Channel Add-in,dadd2312-b5b1-4fa0-8c15-0903de3e2303,DYN365_CS_VOICE
Dynamics 365 Customer Voice,359ea3e6-8130-4a57-9f8f-ad897a0342f1,DYN365_CUSTOMER_VOICE_BASE
Dynamics 365 Customer Voice Additional Responses (Forms_Pro_AddOn),446a86f8-a0cb-4095-83b3-d100eb050e3d,Forms_Pro_AddOn
Dynamics 365 Customer Voice Additional Responses (DYN365_CUSTOMER_VOICE_ADDON),65f71586-ade3-4ce1-afc0-1b452eaf3782,DYN365_CUSTOMER_VOICE_ADDON
Dynamics 365 Customer Voice USL,e2ae107b-a571-426f-9367-6d4c8f1390ba,Forms_Pro_USL
Dynamics 365 Enterprise Edition - Additional Database Storage for Government,4aed5dd6-eb9c-4143-8f14-368d70287121,CRMSTORAGE_GCC
Dynamics 365 Enterprise Edition - Additional Non-Production Instance for Government,1d2756cb-2147-4b05-b4d5-f013c022dcb9,CRMTESTINSTANCE_GCC
Dynamics 365 Enterprise Edition - Additional Portal (Qualified Offer),a4bfb28e-becc-41b0-a454-ac680dc258d3,CRM_ONLINE_PORTAL
Dynamics 365 Enterprise Edition - Additional Portal for Government (CRM_ONLINE_PORTAL_GCC),cb9bc974-a47b-4123-998d-a383390168cc,CRM_ONLINE_PORTAL_GCC
Dynamics 365 Enterprise Edition - Additional Portal for Government (CRM_ONLINE_PORTAL_NOPREREQ),67f58b51-af53-4344-9663-9a2beb1d8a8e,CRM_ONLINE_PORTAL_NOPREREQ
Dynamics 365 Enterprise Edition - Additional Production Instance for Government,2bd3cb20-1bb6-446b-b4d0-089af3a05c52,CRMINSTANCE_GCC
Dynamics 365 Field Service Contractor,23e6e135-e869-4ce4-9ae4-5710cd69ac13,D365_FIELD_SERVICE_CONTRACTOR
Dynamics 365 Field Service Contractor for Government,e7965e3a-1f49-4d67-a3de-ad1ce460bbcc,D365_FIELD_SERVICE_CONTRACTOR_GOV
"Dynamics 365 Field Service, Enterprise Edition - Resource Scheduling Optimization",977464c4-bfaf-4b67-b761-a9bb735a2196,CRM_AUTO_ROUTING_ADDON
Dynamics 365 Finance,55c9eb4e-c746-45b4-b255-9ab6b19d5c62,DYN365_FINANCE
Dynamics 365 Finance Attach to Qualifying Base Offer Embedded with Project Management & Accounting,db5bd06c-b99a-4c54-98e9-90fea5164c88,DYN365_FINANCE_ATTACH_ISVEMB_PROJOPS
Dynamics 365 for Case Management Enterprise Edition,d39fb075-21ae-42d0-af80-22a2599749e0,DYN365_ENTERPRISE_CASE_MANAGEMENT
"Dynamics 365 for Case Management, Enterprise Edition for Government (D365_ENTERPRISE_CASE_MANAGEMENT_GOV)",5cd0b796-9ac8-4792-9f0b-796ca9044e4a,D365_ENTERPRISE_CASE_MANAGEMENT_GOV
"Dynamics 365 for Case Management, Enterprise Edition for Government (DYN365_ENTERPRISE_CASE_MANAGEMENT_GOV)",ff5a82be-1edd-4d48-94e0-52527825b589,DYN365_ENTERPRISE_CASE_MANAGEMENT_GOV
Dynamics 365 for Customer Service Chat,7d7af6c2-0be6-46df-84d1-c181b0272909,DYN365_CS_CHAT
Dynamics 365 for Customer Service Chat for Government,1b399f66-be2a-479c-a79d-84a43a46f79e,DYN365_CS_CHAT_GOV
Dynamics 365 for Customer Service Digital Messaging add-on for Government,336dfe1f-3b33-4ab4-b395-cba8f614976d,DYN365_CS_MESSAGING_GOV
Dynamics 365 for Customer Service Enterprise Attach to Qualifying Dynamics 365 Base Offer A,eb18b715-ea9d-4290-9994-2ebf4b5042d2,D365_CUSTOMER_SERVICE_ENT_ATTACH
Dynamics 365 for Customer Service Enterprise Edition,749742bf-0d37-4158-a120-33567104deeb,DYN365_ENTERPRISE_CUSTOMER_SERVICE
Dynamics 365 for Customer Service Enterprise for Government,65758a5f-2e16-43b3-a8cb-296cd8f69e09,D365_ENTERPRISE_CUSTOMER_SERVICE_GOV
Dynamics 365 for Customer Service Professional Attach to Qualifying Dynamics 365 Base Offer,19dec69d-d9f3-4792-8a39-d8ecdf51937b,D365_CUSTOMER_SERVICE_PRO_ATTACH
"Dynamics 365 for Customer Service, Enterprise Edition for Government",3c74d823-8f01-4fe8-82d5-f089a5504cec,DYN365_ENTERPRISE_CUSTOMER_SERVICE_GOV
Dynamics 365 for Field Service Attach to Qualifying Dynamics 365 Base Offer,a36cdaa2-a806-4b6e-9ae0-28dbd993c20e,D365_FIELD_SERVICE_ATTACH
Dynamics 365 for Field Service Enterprise Edition,c7d15985-e746-4f01-b113-20b575898250,DYN365_ENTERPRISE_FIELD_SERVICE
Dynamics 365 for Field Service Enterprise Edition for Government,c3d74ead-70b7-4513-8dce-797be3fbe07a,DYN365_ENTERPRISE_FIELD_SERVICE_GOV
Dynamics 365 for Field Service for Government,8eac9119-7e6b-4278-9dc4-e3458993b08a,D365_ENTERPRISE_FIELD_SERVICE_GOV
Dynamics 365 for Finance Attach to Qualifying Dynamics 365 Base Offer,d721f2e4-099b-4105-b40e-872e46cad402,DYN365_FINANCE_ATTACH
Dynamics 365 for Financials Business Edition,cc13a803-544e-4464-b4e4-6d6169a138fa,DYN365_FINANCIALS_BUSINESS_SKU
Dynamics 365 for Marketing Additional Application,99c5688b-6c75-4496-876f-07f0fbd69add,DYN365_MARKETING_APPLICATION_ADDON
Dynamics 365 for Marketing Additional Non-Prod Application,c393e9bd-2335-4b46-8b88-9e2a86a85ec1,DYN365_MARKETING_SANDBOX_APPLICATION_ADDON
Dynamics 365 for Marketing Addnl Contacts Tier 1,fc4581aa-6b1f-459d-95b6-84bd49d6f843,DYN365_MARKETING_CONTACT_ADDON
Dynamics 365 for Marketing Addnl Contacts Tier 3,23053933-0fda-431f-9a5b-a00fd78444c1,DYN365_MARKETING_CONTACT_ADDON_T3
Dynamics 365 for Marketing Addnl Contacts Tier 5,d8eec316-778c-4f14-a7d1-a0aca433b4e7,DYN365_MARKETING_CONTACT_ADDON_T5
Dynamics 365 for Marketing Attach,85430fb9-02e8-48be-9d7e-328beb41fa29,DYN365_MARKETING_APP_ATTACH
Dynamics 365 for Marketing Business Edition,238e2f8d-e429-4035-94db-6926be4ffe7b,DYN365_BUSINESS_MARKETING
Dynamics 365 for Marketing USL,4b32a493-9a67-4649-8eb9-9fc5a5f75c12,D365_MARKETING_USER
Dynamics 365 for Project Service Automation Enterprise Edition for Government,1ec19b5f-7542-4b20-b01f-fb5d3f040e2d,DYN365_ENTERPRISE_PROJECT_SERVICE_AUTOMATION_GOV
Dynamics 365 for Project Service Automation for Government,6c827f0a-42cb-4cff-b1cd-f4104c16ede3,D365_ENTERPRISE_PROJECT_SERVICE_AUTOMATION_GOV
Dynamics 365 for Sales and Customer Service Enterprise Edition,8edc2cf8-6438-4fa9-b6e3-aa1660c640cc,DYN365_ENTERPRISE_SALES_CUSTOMERSERVICE
Dynamics 365 for Sales Enterprise Edition,1e1a282c-9c54-43a2-9310-98ef728faace,DYN365_ENTERPRISE_SALES
Dynamics 365 for Sales Enterprise for Government,e85b3345-2fd5-45cf-a196-7968d3e18e56,D365_ENTERPRISE_SALES_GOV
Dynamics 365 For Sales Professional,be9f9771-1c64-4618-9907-244325141096,D365_SALES_PRO
Dynamics 365 for Sales Professional for Government,229fa362-9d30-4dbc-8110-21b77a7f9b26,D365_SALES_PRO_GOV
"Dynamics 365 for Sales, Enterprise Edition for Government",28b275ce-aec7-4c26-82e2-1ffbc2746ad4,DYN365_ENTERPRISE_SALES_GOV
Dynamics 365 for Supply Chain Management,f2e48cb3-9da0-42cd-8464-4a54ce198ad0,DYN365_SCM
Dynamics 365 for Supply Chain Management Attach to Qualifying Dynamics 365 Base Offer,090b4a96-8114-4c95-9c91-60e81ef53302,DYN365_SCM_ATTACH
Dynamics 365 for Team Members Enterprise Edition,8e7a3d30-d97d-43ab-837c-d7701cef83dc,DYN365_ENTERPRISE_TEAM_MEMBERS
Dynamics 365 for Team Members Enterprise Edition for Government,ba05762f-32ff-4fac-a096-55309b3700a3,DYN365_ENTERPRISE_TEAM_MEMBERS_GOV
Dynamics 365 Guides,0a389a77-9850-4dc4-b600-bc66fdfefc60,GUIDES_USER
Dynamics 365 Human Resources Attach to Qualifying Dynamics 365 Base Offer,83c489a4-94b6-4dcc-9fdc-ff9b107a4621,DYN365_HUMAN_RESOURCES_ATTACH
Dynamics 365 Hybrid Connector,de176c31-616d-4eae-829a-718918d7ec23,CRM_HYBRIDCONNECTOR
Dynamics 365 Marketing App,00b861da-8087-4e30-beb8-8db3c6d9581e,DYN365_MARKETING_APP
Dynamics 365 Multi-app,6c75fb1b-61f2-42d0-b1b8-6492ca9ae159,Dynamics_365_Multi_app_
Dynamics 365 Operations - Device,3bbd44ed-8a70-4c07-9088-6232ddbd5ddd,Dynamics_365_for_Operations_Devices
Dynamics 365 Operations - Sandbox Tier 2:Standard Acceptance Testing,e485d696-4c87-4aac-bf4a-91b2fb6f0fa7,Dynamics_365_for_Operations_Sandbox_Tier2_SKU
Dynamics 365 Operations - Sandbox Tier 4:Standard Performance Testing,f7ad4bca-7221-452c-bdb6-3e6089f25e06,Dynamics_365_for_Operations_Sandbox_Tier4_SKU
Dynamics 365 Operations – Activity,b75074f1-4c54-41bf-970f-c9ac871567f5,Dyn365_Operations_Activity
Dynamics 365 P1 Tria for Information Workers,338148b6-1b11-4102-afb9-f92b6cdc0f8d,DYN365_ENTERPRISE_P1_IW
Dynamics 365 Project Operations,98619618-9dc8-48c6-8f0c-741890ba5f93,DYN365_PROJECT_OPERATIONS
Dynamics 365 Project Operations Attach,af739e8e-dd11-4eb5-a986-5908f595c603,DYN365_PROJECT_OPERATIONS_ATTACH
Dynamics 365 Remote Assist,7a551360-26c4-4f61-84e6-ef715673e083,MICROSOFT_REMOTE_ASSIST
Dynamics 365 Remote Assist HoloLens,e48328a2-8e98-4484-a70f-a99f8ac9ec89,MICROSOFT_REMOTE_ASSIST_HOLOLENS
Dynamics 365 Sales Enterprise Attach to Qualifying Dynamics 365 Base Offer,5b22585d-1b71-4c6b-b6ec-160b1a9c2323,D365_SALES_ENT_ATTACH
Dynamics 365 Sales Premium,2edaa1dc-966d-4475-93d6-8ee8dfd96877,DYN365_SALES_PREMIUM
Dynamics 365 Sales Professional Attach to Qualifying Dynamics 365 Base Offer,245e6bf9-411e-481e-8611-5c08595e2988,D365_SALES_PRO_ATTACH
"Dynamics 365 Sales, Field Service and Customer Service Partner Sandbox",494721b8-1f30-4315-aba6-70ca169358d9,Dynamics_365_Sales_Field_Service_and_Customer_Service_Partner_Sandbox
Dynamics 365 Supply Chain Management Premium,9467fd84-2758-4287-b1fa-6a908c441b8a,Dynamics_365_Supply_Chain_Management_Premium
Dynamics 365 Talent: Attract,e561871f-74fa-4f02-abee-5b0ef54dd36d,Dynamics_365_Hiring_SKU
Dynamics 365 Talent: Onboard,b56e7ccc-d5c7-421f-a23b-5c18bdbad7c0,DYNAMICS_365_ONBOARDING_SKU
Dynamics 365 Team Members,7ac9fe77-66b7-4e5e-9e46-10eed1cff547,DYN365_TEAM_MEMBERS
Dynamics 365 UNF OPS Plan ENT Edition,ccba3cfe-71ef-423a-bd87-b6df3dce59a9,Dynamics_365_for_Operations
Enterprise Mobility + Security A3 for Faculty,aedfac18-56b8-45e3-969b-53edb4ba4952,EMS_EDU_FACULTY
Enterprise Mobility + Security E3,efccb6f7-5641-4e0e-bd10-b4976e1bf68e,EMS
Enterprise Mobility + Security E5,b05e124f-c7cc-45a0-a6aa-8cf78c946968,EMSPREMIUM
Enterprise Mobility + Security E5_USGOV_GCCHIGH,a461b89c-10e3-471c-82b8-aae4d820fccb,EMSPREMIUM_USGOV_GCCHIGH
Enterprise Mobility + Security G3 GCC,c793db86-5237-494e-9b11-dcd4877c2c8c,EMS_GOV
Enterprise Mobility + Security G5 GCC,8a180c2b-f4cf-4d44-897c-3d32acc4a60b,EMSPREMIUM_GOV
Exchange Enterprise CAL Services (EOP DLP),e8ecdf70-47a8-4d39-9d15-093624b7f640,EOP_ENTERPRISE_PREMIUM
Exchange Online (Plan 1),4b9405b0-7788-4568-add1-99614e613b69,EXCHANGESTANDARD
Exchange Online (Plan 1) for Alumni with Yammer,aa0f9eb7-eff2-4943-8424-226fb137fcad,EXCHANGESTANDARD_ALUMNI
Exchange Online (Plan 1) for GCC,f37d5ebf-4bf1-4aa2-8fa3-50c51059e983,EXCHANGESTANDARD_GOV
Exchange Online (Plan 1) for Students,ad2fe44a-915d-4e2b-ade1-6766d50a9d9c,EXCHANGESTANDARD_STUDENT
Exchange Online (Plan 2),19ec0d23-8335-4cbd-94ac-6050e30712fa,EXCHANGEENTERPRISE
Exchange Online (Plan 2) for Faculty,0b7b15a8-7fd2-4964-bb96-5a566d4e3c15,EXCHANGEENTERPRISE_FACULTY
Exchange Online (Plan 2) for GCC,7be8dc28-4da4-4e6d-b9b9-c60f2806df8a,EXCHANGEENTERPRISE_GOV
Exchange Online Archiving for Exchange Online,ee02fd1b-340e-4a4b-b355-4a514e4c8943,EXCHANGEARCHIVE_ADDON
Exchange Online Archiving for Exchange Server,90b5e015-709a-4b8b-b08e-3200f994494c,EXCHANGEARCHIVE
Exchange Online Essentials,e8f81a67-bd96-4074-b108-cf193eb9433b,EXCHANGE_S_ESSENTIALS
Exchange Online Essentials (ExO P1 Based),7fc0182e-d107-4556-8329-7caaa511197b,EXCHANGEESSENTIALS
Exchange Online Kiosk,80b2d799-d2ba-4d2a-8842-fb0d0f3a4b82,EXCHANGEDESKLESS
Exchange Online POP,cb0a98a8-11bc-494c-83d9-c1b1ac65327e,EXCHANGETELCO
Exchange Online Protection,45a2423b-e884-448d-a831-d9e139c52d2f,EOP_ENTERPRISE
Flow Plan 1 for Government,2b3b0c87-36af-4d15-8124-04a691cc2546,FLOW_P1_GOV
Intune,061f9ace-7d42-4136-88ac-31dc755f143f,INTUNE_A
Intune for Education,d9d89b70-a645-4c24-b041-8d3cb1884ec7,INTUNE_EDU
Microsoft 365 A1,b17653a4-2443-4e8c-a550-18249dda78bb,M365EDU_A1
Microsoft 365 A3 - Unattended License for students use benefit,1aa94593-ca12-4254-a738-81a5972958e8,M365EDU_A3_STUUSEBNFT_RPA1
Microsoft 365 A3 for Faculty,4b590615-0888-425a-a965-b3bf7789848d,M365EDU_A3_FACULTY
Microsoft 365 A3 for Students,7cfd9a2b-e110-4c39-bf20-c6a3f36a3121,M365EDU_A3_STUDENT
Microsoft 365 A3 for students use benefit,18250162-5d87-4436-a834-d795c15c80f3,M365EDU_A3_STUUSEBNFT
Microsoft 365 A3 Suite features for faculty,32a0e471-8a27-4167-b24f-941559912425,Microsoft 365 A3 Suite features for faculty
Microsoft 365 A5 for faculty,e97c048c-37a4-45fb-ab50-922fbf07a370,M365EDU_A5_FACULTY
Microsoft 365 A5 for Students,46c119d4-0379-4a9d-85e4-97c66d3f909e,M365EDU_A5_STUDENT
Microsoft 365 A5 for students use benefit,31d57bc7-3a05-4867-ab53-97a17835a411,M365EDU_A5_STUUSEBNFT
Microsoft 365 A5 Suite features for faculty,9b8fe788-6174-4c4e-983b-3330c93ec278,M365_A5_SUITE_COMPONENTS_FACULTY
Microsoft 365 A5 without Audio Conferencing for students use benefit,81441ae1-0b31-4185-a6c0-32b6b84d419f,M365EDU_A5_NOPSTNCONF_STUUSEBNFT
Microsoft 365 Apps for Business (O365_BUSINESS),cdd28e44-67e3-425e-be4c-737fab2899d3,O365_BUSINESS
Microsoft 365 Apps for Business (SMB_BUSINESS),b214fe43-f5a3-4703-beeb-fa97188220fc,SMB_BUSINESS
Microsoft 365 Apps for Enterprise,c2273bd0-dff7-4215-9ef5-2c7bcfb06425,OFFICESUBSCRIPTION
Microsoft 365 Apps for enterprise (device),ea4c5ec8-50e3-4193-89b9-50da5bd4cdc7,OFFICE_PROPLUS_DEVICE1
Microsoft 365 Apps for Faculty,12b8c807-2e20-48fc-b453-542b6ee9d171,OFFICESUBSCRIPTION_FACULTY
Microsoft 365 Apps for Students,c32f9321-a627-406d-a114-1f9c81aaafac,OFFICESUBSCRIPTION_STUDENT
Microsoft 365 Audio Conferencing,0c266dff-15dd-4b49-8397-2bb16070ed52,MCOMEETADV
Microsoft 365 Audio Conferencing - GCCHigh Tenant (AR)_USGOV_GCCHIGH,170ba00c-38b2-468c-a756-24c05037160a,MCOACBYOT_AR_GCCHIGH_USGOV_GCCHIGH
Microsoft 365 Audio Conferencing for faculty,c2cda955-3359-44e5-989f-852ca0cfa02f,MCOMEETADV_FACULTY
Microsoft 365 Audio Conferencing for GCC,2d3091c7-0712-488b-b3d8-6b97bde6a1f5,MCOMEETADV_GOV
Microsoft 365 Audio Conferencing Pay-Per-Minute - EA,df9561a4-4969-4e6a-8e73-c601b68ec077,MCOMEETACPEA
Microsoft 365 Audio Conferencing_USGOV_GCCHIGH,4dee1f32-0808-4fd2-a2ed-fdd575e3a45f,MCOMEETADV_USGOV_GCCHIGH
Microsoft 365 Business Basic (SMB_BUSINESS_ESSENTIALS),dab7782a-93b1-4074-8bb1-0e61318bea0b,SMB_BUSINESS_ESSENTIALS
Microsoft 365 Business Basic (O365_BUSINESS_ESSENTIALS),3b555118-da6a-4418-894f-7df1e2096870,O365_BUSINESS_ESSENTIALS
Microsoft 365 Business Basic (no Teams),21502a13-c8dc-4744-be9c-177fd9d2eafc,Microsoft_365_Business_Basic_(no Teams)
Microsoft 365 Business Basic EEA (no Teams),b1f3042b-a390-4b56-ab61-b88e7e767a97,Microsoft_365_Business_Basic_EEA_(no_Teams)
Microsoft 365 Business Premium,cbdc14ab-d96c-4c30-b9f4-6ada7cdc1d46,SPB
Microsoft 365 Business Premium (no Teams),00e1ec7b-e4a3-40d1-9441-b69b597ab222,Microsoft_365_ Business_ Premium_(no Teams)
Microsoft 365 Business Premium Donation,24c35284-d768-4e53-84d9-b7ae73dddf69,Microsoft_365_Business_Premium_Donation_(Non_Profit_Pricing)
Microsoft 365 Business Premium EEA (no Teams),a3f586b6-8cce-4d9b-99d6-55238397f77a,Office_365_w/o_Teams_Bundle_Business_Premium
Microsoft 365 Business Standard,f245ecc8-75af-4f8e-b61f-27d8114de5f3,O365_BUSINESS_PREMIUM
Microsoft 365 Business Standard (no Teams),5a1c7b8d-0739-4ca8-bf69-ec87e69133ac,MICROSOFT_365_BUSINESS_STANDARD_NO_TEAMS
Microsoft 365 Business Standard - Prepaid Legacy,ac5cef5d-921b-4f97-9ef3-c99076e5470f,SMB_BUSINESS_PREMIUM
Microsoft 365 Business Standard EEA (no Teams) (Office_365_w/o_Teams_Bundle_Business_Standard),c1f79c29-5d7a-4bec-a2c1-1a76774864c0,Office_365_w/o_Teams_Bundle_Business_Standard
Microsoft 365 Business Standard EEA (no Teams) (Microsoft_365_Business_Standard_EEA_(no_Teams)),ffa3a2a0-3820-462a-aa81-8a4d741f0cba,Microsoft_365_Business_Standard_EEA_(no_Teams)
Microsoft 365 Business Voice,a6051f20-9cbc-47d2-930d-419183bf6cf1,BUSINESS_VOICE_MED2
Microsoft 365 Business Voice (UK,e5a17adf-8f0d-4b57-bc14-d331235f9307,BUSINESS_VOICE
Microsoft 365 Business Voice (US),08d7bce8-6e16-490e-89db-1d508e5e9609,BUSINESS_VOICE_MED2_TELCO
Microsoft 365 Business Voice (without Calling Plan),d52db95a-5ecb-46b6-beb0-190ab5cda4a8,BUSINESS_VOICE_DIRECTROUTING
Microsoft 365 Business Voice (without Calling Plan) for US,8330dae3-d349-44f7-9cad-1b23c64baabe,BUSINESS_VOICE_DIRECTROUTING_MED
Microsoft 365 Copilot (Education Faculty),ad9c22b3-52d7-4e7e-973c-88121ea96436,Microsoft_365_Copilot_EDU
Microsoft 365 Copilot for Sales,15f2e9fc-b782-4f73-bf51-81d8b7fff6f4,Microsoft_Copilot_for_Sales
Microsoft 365 Domestic Calling Plan (120 min),11dee6af-eca8-419f-8061-6864517c1875,MCOPSTN_5
Microsoft 365 Domestic Calling Plan (120 minutes) - US,d13e9d1b-316a-4946-98c6-362c97a4fdfe,MCOPSTN5_US
Microsoft 365 E3,05e9a617-0261-4cee-bb44-138d3ef5d965,SPE_E3
Microsoft 365 E3 (500 seats min)_HUB,0c21030a-7e60-4ec7-9a0f-0042e0e0211a,Microsoft_365_E3
Microsoft 365 E3 (no Teams),dcf0408c-aaec-446c-afd4-43e3683943ea,Microsoft_365_E3_(no_Teams)
Microsoft 365 E3 - Unattended License,c2ac2ee4-9bb1-47e4-8541-d689c7e83371,SPE_E3_RPA1
Microsoft 365 E3 EEA (no Teams),c2fe850d-fbbb-4858-b67d-bd0c6e746da3,O365_w/o Teams Bundle_M3
Microsoft 365 E3 EEA (no Teams) (500 seats min)_HUB,602e6573-55a3-46b1-a1a0-cc267991501a,O365_w/o Teams Bundle_M3_(500_seats_min)_HUB
Microsoft 365 E3 EEA (no Teams) - Unattended License,a23dbafb-3396-48b3-ad9c-a304fe206043,Microsoft_365_E3_EEA_(no_Teams)_Unattended_License
Microsoft 365 E3 Extra Features,f5b15d67-b99e-406b-90f1-308452f94de6,Microsoft_365_E3_Extra_Features
Microsoft 365 E3_USGOV_DOD,d61d61cc-f992-433f-a577-5bd016037eeb,SPE_E3_USGOV_DOD
Microsoft 365 E3_USGOV_GCCHIGH,ca9d1dd9-dfe9-4fef-b97c-9bc1ea3c3658,SPE_E3_USGOV_GCCHIGH
Microsoft 365 E5,06ebc4ee-1bb5-47dd-8120-11324bc54e06,SPE_E5
Microsoft 365 E5 (500 seats min)_HUB,db684ac5-c0e7-4f92-8284-ef9ebde75d33,Microsoft_365_E5
Microsoft 365 E5 (no Teams),18a4bd3f-0b5b-4887-b04f-61dd0ee15f5e,Microsoft_365_E5_(no_Teams)
Microsoft 365 E5 Compliance,184efa21-98c3-4e5d-95ab-d07053a96e67,INFORMATION_PROTECTION_COMPLIANCE
Microsoft 365 E5 EEA (no Teams),3271cf8e-2be5-4a09-a549-70fd05baaa17,O365_w/o_Teams_Bundle_M5
Microsoft 365 E5 EEA (no Teams) (500 seats min)_HUB,1e988bf3-8b7c-4731-bec0-4e2a2946600c,O365_w/o_Teams_Bundle_M5_(500_seats_min)_HUB
Microsoft 365 E5 EEA (no Teams) with Calling Minutes,6ee4114a-9b2d-4577-9e7a-49fa43d222d3,Microsoft_365_E5_EEA_(no_Teams)_with_Calling_Minutes
Microsoft 365 E5 EEA (no Teams) without Audio Conferencing,90277bc7-a6fe-4181-99d8-712b08b8d32b,Microsoft_365_E5_EEA_(no_Teams)_without_Audio_Conferencing
Microsoft 365 E5 EEA (no Teams) without Audio Conferencing (500 seats min)_HUB,a640eead-25f6-4bec-97e3-23cfd382d7c2,Microsoft_365_E5_EEA_(no_Teams)_without_Audio_Conferencing_(500_seats_min)_HUB
Microsoft 365 E5 Security,26124093-3d78-432b-b5dc-48bf992543d5,IDENTITY_THREAT_PROTECTION
Microsoft 365 E5 Security for EMS E5,44ac31e7-2999-4304-ad94-c948886741d4,IDENTITY_THREAT_PROTECTION_FOR_EMS_E5
Microsoft 365 E5 Suite features,99cc8282-2f74-4954-83b7-c6a9a1999067,M365_E5_SUITE_COMPONENTS
Microsoft 365 E5 with Calling Minutes,a91fc4e0-65e5-4266-aa76-4037509c1626,SPE_E5_CALLINGMINUTES
Microsoft 365 E5 without Audio Conferencing,cd2925a3-5076-4233-8931-638a8c94f773,SPE_E5_NOPSTNCONF
Microsoft 365 E5 without Audio Conferencing (500 seats min)_HUB,2113661c-6509-4034-98bb-9c47bd28d63c,Microsoft_365_E5_without_Audio_Conferencing
Microsoft 365 E5_USGOV_GCCHIGH,4eb45c5b-0d19-4e33-b87c-adfc25268f20,SPE_E5_USGOV_GCCHIGH
Microsoft 365 F1 (M365_F1_COMM),50f60901-3181-4b75-8a2c-4c8e4c1d5a72,M365_F1_COMM
Microsoft 365 F1 (M365_F1),44575883-256e-4a79-9da4-ebe9acabe2b2,M365_F1
Microsoft 365 F1 EEA (no Teams),0666269f-b167-4c5b-a76f-fc574f2b1118,Microsoft_365_F1_EEA_(no_Teams)
Microsoft 365 F3,66b55226-6b4f-492c-910c-a3b7a3c9d993,SPE_F1
Microsoft 365 F3 EEA (no Teams),f7ee79a7-7aec-4ca4-9fb9-34d6b930ad87,Microsoft_365_F3_EEA_(no_Teams)
Microsoft 365 F3 GCC,2a914830-d700-444a-b73c-e3f31980d833,M365_F1_GOV
Microsoft 365 F5 Compliance Add-on,91de26be-adfa-4a3d-989e-9131cc23dda7,SPE_F5_COMP
Microsoft 365 F5 Compliance Add-on AR (DOD)_USGOV_DOD,9cfd6bc3-84cd-4274-8a21-8c7c41d6c350,SPE_F5_COMP_AR_D_USGOV_DOD
Microsoft 365 F5 Compliance Add-on AR_USGOV_GCCHIGH,9f436c0e-fb32-424b-90be-6a9f2919d506,SPE_F5_COMP_AR_USGOV_GCCHIGH
Microsoft 365 F5 Compliance Add-on GCC,3f17cf90-67a2-4fdb-8587-37c1539507e1,SPE_F5_COMP_GCC
Microsoft 365 F5 Security + Compliance Add-on,32b47245-eb31-44fc-b945-a8b1576c439f,SPE_F5_SECCOMP
Microsoft 365 F5 Security Add-on,67ffe999-d9ca-49e1-9d2c-03fb28aa7a48,SPE_F5_SEC
Microsoft 365 G3 - Unattended License for GCC,5c739a73-651d-4c2c-8a4e-fe4ba12253b0,M365_G3_RPA1_GOV
Microsoft 365 G3 GCC,e823ca47-49c4-46b3-b38d-ca11d5abe3d2,M365_G3_GOV
Microsoft 365 GCC G5,e2be619b-b125-455f-8660-fb503e431a5d,M365_G5_GCC
Microsoft 365 GCC G5 w/o WDATP/CAS Unified,b0f809d5-a662-4391-a5aa-136e9c565b9d,M365_G5_GOV
Microsoft 365 Lighthouse,9c0587f3-8665-4252-a8ad-b7a5ade57312,Microsoft365_Lighthouse
Microsoft 365 Security and Compliance for Firstline Workers,2347355b-4e81-41a4-9c22-55057a399791,M365_SECURITY_COMPLIANCE_FOR_FLW
Microsoft Azure Multi-Factor Authentication,cb2020b1-d8f6-41c0-9acd-8ff3d6d7831b,MFA_STANDALONE
Microsoft Business Center,726a0894-2c77-4d65-99da-9775ef05aad1,MICROSOFT_BUSINESS_CENTER
Microsoft Cloud App Security,df845ce7-05f9-4894-b5f2-11bbfbcfd2b6,ADALLOM_STANDALONE
Microsoft Copilot for Microsoft 365 (M365_Copilot),a809996b-059e-42e2-9866-db24b99a9782,M365_Copilot
Microsoft Copilot for Microsoft 365 (Microsoft_365_Copilot),639dec6b-bb19-468b-871c-c5c441c4b0cb,Microsoft_365_Copilot
Microsoft Copilot Studio,75564b9c-51e8-431c-b8fe-d472d5a545c8,Power_Virtual_Agents
Microsoft Copilot Studio for GCC,d7974fa0-ddd7-4899-9589-1ea04273aa26,Power_Virtual_Agents_for_GCC_GCC
Microsoft Copilot Studio User License,4b74a65c-8b4a-4fc8-9f6b-5177ed11ddfa,VIRTUAL_AGENT_USL
Microsoft Copilot Studio User License for GCC,f1de227b-f1bd-4959-bd80-b80547095e6d,VIRTUAL_AGENT_USL_GCC
Microsoft Copilot Studio User License for GCC High_USGOV_GCCHIGH,470845c0-6884-47e1-89d0-9d6244a77b44,VIRTUAL_AGENT_USL_AR_USGOV_GCCHIGH
Microsoft Copilot Studio_USGOV_GCCHIGH,84ed7c30-3738-43a0-aa03-cf6c577d8dbb,Power_Virtual_Agents_USGOV_GCCHIGH
Microsoft Defender for Business,5e1e7702-a2b7-4360-8d07-2f515792896f,MDE_SMB
Microsoft Defender for Endpoint,111046dd-295b-4d6d-9724-d52ac90bd1f2,WIN_DEF_ATP
Microsoft Defender for Endpoint F2,e430a580-c37b-4d16-adba-d881d7cd0364,Microsoft_Defender_for_Endpoint_F2
Microsoft Defender for Endpoint P1,16a55f2f-ff35-4cd5-9146-fb784e3761a5,DEFENDER_ENDPOINT_P1
Microsoft Defender for Endpoint P1 for EDU,bba890d4-7881-4584-8102-0c3fdfb739a7,DEFENDER_ENDPOINT_P1_EDU
Microsoft Defender for Endpoint P2_XPLAT,b126b073-72db-4a9d-87a4-b17afe41d4ab,MDATP_XPLAT
Microsoft Defender for Endpoint Server,509e8ab6-0274-4cda-bcbd-bd164fd562c4,MDATP_Server
Microsoft Defender for Identity,98defdf7-f6c1-44f5-a1f6-943b6764e7a5,ATA
Microsoft Defender for Office 365 (Plan 1),4ef96642-f096-40de-a3e9-d83fb2f90211,ATP_ENTERPRISE
Microsoft Defender for Office 365 (Plan 1) Faculty,26ad4b5c-b686-462e-84b9-d7c22b46837f,ATP_ENTERPRISE_FACULTY
Microsoft Defender for Office 365 (Plan 1) GCC,d0d1ca43-b81a-4f51-81e5-a5b1ad7bb005,ATP_ENTERPRISE_GOV
Microsoft Defender for Office 365 (Plan 1) Student,917fb2b4-f71c-43a1-8edc-75532b554bb5,ATP_ENTERPRISE_STUDENT
Microsoft Defender for Office 365 (Plan 1) Student use benefit,a237b6d8-572e-4839-bffd-7786d32a5d0e,ATP_ENTERPRISE_STUDENTS_USE_BENEFIT
Microsoft Defender for Office 365 (Plan 1)_USGOV_GCCHIGH,550f19ba-f323-4a7d-a8d2-8971b0d9ea85,ATP_ENTERPRISE_USGOV_GCCHIGH
Microsoft Defender for Office 365 (Plan 2),3dd6cf57-d688-4eed-ba52-9e40b5468c3e,THREAT_INTELLIGENCE
Microsoft Defender for Office 365 (Plan 2) GCC,56a59ffb-9df1-421b-9e61-8b568583474d,THREAT_INTELLIGENCE_GOV
Microsoft Defender Vulnerability Management,1925967e-8013-495f-9644-c99f8b463748,TVM_Premium_Standalone
Microsoft Defender Vulnerability Management Add-on,ad7a56e0-6903-4d13-94f3-5ad491e78960,TVM_Premium_Add_on
Microsoft Dynamics CRM Online,d17b27af-3f49-4822-99f9-56a661538792,CRMSTANDARD
Microsoft Dynamics CRM Online Basic,906af65a-2970-46d5-9b58-4e9aa50f0657,CRMPLAN2
Microsoft Dynamics CRM Online Basic for Government,3856cd1b-8033-458e-8d0f-9909ec6e6e6d,CRMPLAN2_GCC
Microsoft Dynamics CRM Online for Government,ba051a1a-4c3d-4ccd-9890-6fa6a4e696e7,CRMSTANDARD_GCC
Microsoft Entra ID Basic,2b9c8e7c-319c-43a2-a2a0-48c5c6161de7,AAD_BASIC
Microsoft Entra ID Governance,cf6b0d46-4093-4546-a0ab-0b1546dcc10e,Microsoft_Entra_ID_Governance
Microsoft Entra ID P1,078d2b04-f1bd-4111-bbd4-b4b1b354cef4,AAD_PREMIUM
Microsoft Entra ID P1 for Faculty,30fc3c36-5a95-4956-ba57-c09c2a600bb9,AAD_PREMIUM_FACULTY
Microsoft Entra ID P1_USGOV_GCCHIGH,de597797-22fb-4d65-a9fe-b7dbe8893914,AAD_PREMIUM_USGOV_GCCHIGH
Microsoft Entra ID P2,84a661c4-e949-4bd2-a560-ed7766fcaf2b,AAD_PREMIUM_P2
Microsoft Entra Suite Add-on for Microsoft Entra ID P2,2ef3064c-c95c-426c-96dd-9ffeaa2f2c37,Microsoft_Entra_Suite_Step_Up_for_Microsoft_Entra_ID_P2
Microsoft Entra Workload ID,52cdf00e-8303-4223-a749-ff69a13e2dd0,Workload_Identities_P2
Microsoft Imagine Academy,ba9a34de-4489-469d-879c-0f0f145321cd,IT_ACADEMY_AD
Microsoft Intune Advanced Analytics,5e36d0d4-e9e5-4052-aba0-0257465c9b86,Microsoft_Intune_Advanced_Analytics
Microsoft Intune Device,2b317a4a-77a6-4188-9437-b68a77b4e2c6,INTUNE_A_D
Microsoft Intune Device for Government,2c21e77a-e0d6-4570-b38a-7ff2dc17d2ca,INTUNE_A_D_GOV
Microsoft Intune Government,2b26f637-35a0-4dbc-b69e-ff674782be9d,INTUNE_A_GOV
Microsoft Intune Plan 1 A VL,99fc2803-fa72-42d3-ae78-b055e177d275,INTUNE_A_VL
Microsoft Intune Plan 1 A VL_USGOV_GCCHIGH,b4288abe-01be-47d9-ad20-311d6e83fc24,INTUNE_A_VL_USGOV_GCCHIGH
Microsoft Intune SMB,e6025b08-2fa5-4313-bd0a-7e5ffca32958,INTUNE_SMB
Microsoft Intune Suite,a929cd4d-8672-47c9-8664-159c1f322ba8,Microsoft_Intune_Suite
Microsoft Power Apps Plan 2 (Qualified Offer),ddfae3e3-fcb2-4174-8ebd-3023cb213c8b,POWERFLOW_P2
Microsoft Power Automate Plan 2,4755df59-3f73-41ab-a249-596ad72b5504,FLOW_P2
Microsoft Relationship Sales solution,4f05b1a3-a978-462c-b93f-781c6bee998f,DYN365_ ENTERPRISE _RELATIONSHIP_SALES
Microsoft Sales Copilot,3227bcb2-8448-4f81-b3c2-8c2074e15a2a,Microsoft_Viva_Sales
Microsoft Stream,1f2f344a-700d-42c9-9427-5cea1d5d7ba6,STREAM
Microsoft Stream Plan 2,ec156933-b85b-4c50-84ec-c9e5603709ef,STREAM_P2
Microsoft Stream Storage Add-On (500 GB),9bd7c846-9556-4453-a542-191d527209e8,STREAM_STORAGE
Microsoft Sustainability Manager Premium,aecb477b-2f56-4e38-b711-b752c24fc19b,Microsoft_Sustainability_Manager_Premium
Microsoft Sustainability Manager Premium USL Plus,9d576ffb-dd32-4c33-91ee-91625b61424a,MICROSOFT_SUSTAINABILITY_MANAGER_PREMIUM_USL_ADDON
Microsoft Sustainability Manager USL Essentials,ece037b4-a52b-4cf8-93ea-649e5d83767a,Microsoft_Cloud_for_Sustainability_USL
Microsoft Teams Audio Conferencing with dial-out to USA/CAN,1c27243e-fb4d-42b1-ae8c-fe25c9616588,Microsoft_Teams_Audio_Conferencing_select_dial_out
Microsoft Teams Calling Plan pay-as-you-go (country zone 1 - US),9b196e97-5830-4c2e-adc2-1e10ebf5dee5,Microsoft_Teams_Calling_Plan_pay_as_you_go_(country_zone_1_US)
Microsoft Teams Calling Plan pay-as-you-go (country zone 1),dbd31205-338e-4dec-903d-44402e305e32,Microsoft_Teams_Calling_Plan_pay_as_you_go_(country_zone_1)
Microsoft Teams Domestic Calling Plan (240 min),729dbb8f-8d56-4994-8e33-2f218f549544,MCOPSTN_6
Microsoft Teams Domestic Calling Plan for GCC,923f58ab-fca1-46a1-92f9-89fda21238a8,MCOPSTN_1_GOV
Microsoft Teams EEA,7e74bd05-2c47-404e-829a-ba95c66fe8e5,Microsoft_Teams_EEA_New
Microsoft Teams Enterprise,7e31c0d9-9551-471d-836f-32ee72be4a01,Microsoft_Teams_Enterprise_New
Microsoft Teams Essentials,fde42873-30b6-436b-b361-21af5a6b84ae,Teams_Ess
Microsoft Teams Essentials (AAD Identity),3ab6abff-666f-4424-bfb7-f0bc274ec7bc,TEAMS_ESSENTIALS_AAD
Microsoft Teams Phone Resource Account,440eaaa8-b3e0-484b-a8be-62870b9ba70a,PHONESYSTEM_VIRTUALUSER
Microsoft Teams Phone Resource Account for Faculty,0e142028-345e-45da-8d92-8bfd4093bbb9,PHONESYSTEM_VIRTUALUSER_FACULTY
Microsoft Teams Phone Resource Account for GCC,2cf22bcb-0c9e-4bc6-8daf-7e7654c0f285,PHONESYSTEM_VIRTUALUSER_GOV
Microsoft Teams Phone Resource Account_USGOV_GCCHIGH,e3f0522e-ebb7-4561-9f90-b44516d65b77,PHONESYSTEM_VIRTUALUSER_USGOV_GCCHIGH
Microsoft Teams Phone Standard,e43b5b99-8dfb-405f-9987-dc307f34bcbd,MCOEV
Microsoft Teams Phone Standard for DOD,d01d9287-694b-44f3-bcc5-ada78c8d953e,MCOEV_DOD
Microsoft Teams Phone Standard for Faculty,d979703c-028d-4de5-acbf-7955566b69b9,MCOEV_FACULTY
Microsoft Teams Phone Standard for GCC,a460366a-ade7-4791-b581-9fbff1bdaa85,MCOEV_GOV
Microsoft Teams Phone Standard for GCCHIGH,7035277a-5e49-4abc-a24f-0ec49c501bb5,MCOEV_GCCHIGH
Microsoft Teams Phone Standard for Small and Medium Business,aa6791d3-bb09-4bc2-afed-c30c3fe26032,MCOEVSMB_1
Microsoft Teams Phone Standard for Students,1f338bbc-767e-4a1e-a2d4-b73207cc5b93,MCOEV_STUDENT
Microsoft Teams Phone Standard for TELSTRA,ffaf2d68-1c95-4eb3-9ddd-59b81fba0f61,MCOEV_TELSTRA
Microsoft Teams Phone Standard_USGOV_DOD,b0e7de67-e503-4934-b729-53d595ba5cd1,MCOEV_USGOV_DOD
Microsoft Teams Phone Standard_USGOV_GCCHIGH,985fcb26-7b94-475b-b512-89356697be71,MCOEV_USGOV_GCCHIGH
Microsoft Teams Premium Introductory Pricing,36a0f3b3-adb5-49ea-bf66-762134cf063a,Microsoft_Teams_Premium
Microsoft Teams Rooms Basic,6af4b3d6-14bb-4a2a-960c-6c902aad34f3,Microsoft_Teams_Rooms_Basic
Microsoft Teams Rooms Basic for EDU,a4e376bd-c61e-4618-9901-3fc0cb1b88bb,Microsoft_Teams_Rooms_Basic_FAC
Microsoft Teams Rooms Basic without Audio Conferencing,50509a35-f0bd-4c5e-89ac-22f0e16a00f8,Microsoft_Teams_Rooms_Basic_without_Audio_Conferencing
Microsoft Teams Rooms Pro,4cde982a-ede4-4409-9ae6-b003453c8ea6,Microsoft_Teams_Rooms_Pro
Microsoft Teams Rooms Pro for EDU,c25e2b36-e161-4946-bef2-69239729f690,Microsoft_Teams_Rooms_Pro_FAC
Microsoft Teams Rooms Pro for GCC,31ecb341-2a17-483e-9140-c473006d1e1a,Microsoft_Teams_Rooms_Pro_GCC
Microsoft Teams Rooms Pro without Audio Conferencing,21943e3a-2429-4f83-84c1-02735cd49e78,Microsoft_Teams_Rooms_Pro_without_Audio_Conferencing
Microsoft Teams Rooms Standard,6070a4c8-34c6-4937-8dfb-39bbc6397a60,MEETING_ROOM
Microsoft Teams Rooms Standard for GCC,9571e9ac-2741-4b63-95fd-a79696f0d0ac,MEETING_ROOM_GOV
Microsoft Teams Rooms Standard for GCC without Audio Conferencing,b4348f75-a776-4061-ac6c-36b9016b01d1,MEETING_ROOM_GOV_NOAUDIOCONF
Microsoft Teams Rooms Standard without Audio Conferencing,61bec411-e46a-4dab-8f46-8b58ec845ffe,MEETING_ROOM_NOAUDIOCONF
Microsoft Teams Shared Devices,295a8eb0-f78d-45c7-8b5b-1eed5ed02dff,MCOCAP
Microsoft Teams Shared Devices for Faculty,420c7602-7f70-4895-9394-d3d679ea36fb,MCOCAP_FACULTY
Microsoft Teams Shared Devices for GCC,b1511558-69bd-4e1b-8270-59ca96dba0f3,MCOCAP_GOV
Microsoft Threat Experts - Experts on Demand,9fa2f157-c8e4-4351-a3f2-ffa506da1406,EXPERTS_ON_DEMAND
Microsoft Viva Glint,3dc7332d-f0fa-40a3-81d3-dd6b84469b78,Viva_Glint_Standalone
Microsoft Viva Goals,ba929637-f158-4dee-927c-eb7cdefcd955,Microsoft_Viva_Goals
Microsoft Viva Suite,61902246-d7cb-453e-85cd-53ee28eec138,VIVA
Microsoft Workplace Analytics,3d957427-ecdc-4df2-aacd-01cc9d519da8,WORKPLACE_ANALYTICS
Minecraft Education Faculty,984df360-9a74-4647-8cf8-696749f6247a,MEE_FACULTY
Minecraft Education Student,533b8f26-f74b-4e9c-9c59-50fc4b393b63,MEE_STUDENT
Nonprofit Portal,aa2695c9-8d59-4800-9dc8-12e01f1735af,NONPROFIT_PORTAL
Office 365 A1 for faculty,94763226-9b3c-4e75-a931-5c89701abe66,STANDARDWOFFPACK_FACULTY
Office 365 A1 for students,314c4481-f395-4525-be8b-2ec4bb1e9d91,STANDARDWOFFPACK_STUDENT
Office 365 A1 Plus for faculty,78e66a63-337a-4a9a-8959-41c6654dfb56,STANDARDWOFFPACK_IW_FACULTY
Office 365 A1 Plus for students,e82ae690-a2d5-4d76-8d30-7c6e01e6022e,STANDARDWOFFPACK_IW_STUDENT
Office 365 A3 for faculty,e578b273-6db4-4691-bba0-8d691f4da603,ENTERPRISEPACKPLUS_FACULTY
Office 365 A3 for students,98b6e773-24d4-4c0d-a968-6e787a1f8204,ENTERPRISEPACKPLUS_STUDENT
Office 365 A5 for faculty,a4585165-0533-458a-97e3-c400570268c4,ENTERPRISEPREMIUM_FACULTY
Office 365 A5 for students,ee656612-49fa-43e5-b67e-cb1fdf7699df,ENTERPRISEPREMIUM_STUDENT
Office 365 Advanced Compliance,1b1b1f7a-8355-43b6-829f-336cfccb744c,EQUIVIO_ANALYTICS
Office 365 Advanced Compliance for GCC,1a585bba-1ce3-416e-b1d6-9c482b52fcf6,EQUIVIO_ANALYTICS_GOV
Office 365 Cloud App Security,84d5f90f-cd0d-4864-b90b-1c7ba63b4808,ADALLOM_O365
Office 365 E1,18181a46-0d4e-45cd-891e-60aabd171b4e,STANDARDPACK
Office 365 E1 (no Teams),f8ced641-8e17-4dc5-b014-f5a2d53f6ac8,Office_365_E1_(no_Teams)
Office 365 E1 EEA (no Teams),b57282e3-65bd-4252-9502-c0eae1e5ab7f,Office_365_w/o_Teams_Bundle_E1
Office 365 E1_USGOV_GCCHIGH,f698ca06-024f-4562-b029-9cb1f1e02646,STANDARDPACK_USGOV_GCCHIGH
Office 365 E2,6634e0ce-1a9f-428c-a498-f84ec7b8aa2e,STANDARDWOFFPACK
Office 365 E3,6fd2c87f-b296-42f0-b197-1e91e994b900,ENTERPRISEPACK
Office 365 E3 (no Teams),46c3a859-c90d-40b3-9551-6178a48d5c18,Office_365_E3_(no_Teams)
Office 365 E3 EEA (no Teams),d711d25a-a21c-492f-bd19-aae1e8ebaf30,O365_w/o_Teams_Bundle_E3
Office 365 E3_USGOV_DOD,b107e5a3-3e60-4c0d-a184-a7e4395eb44c,ENTERPRISEPACK_USGOV_DOD
Office 365 E3_USGOV_GCCHIGH,aea38a85-9bd5-4981-aa00-616b411205bf,ENTERPRISEPACK_USGOV_GCCHIGH
Office 365 E4,1392051d-0cb9-4b7a-88d5-621fee5e8711,ENTERPRISEWITHSCAL
Office 365 E5,c7df2760-2c81-4ef7-b578-5b5392b571df,ENTERPRISEPREMIUM
Office 365 E5 EEA (no Teams),cf50bae9-29e8-4775-b07c-56ee10e3776d,Office_365_w/o_Teams_Bundle_E5
Office 365 E5 EEA (no Teams) without Audio Conferencing,71772aeb-4bb8-4f74-9dd4-36c7a9b5ca74,Office_365_E5_EEA_(no_Teams)_without_Audio_Conferencing
Office 365 E5 Without Audio Conferencing,26d45bd9-adf1-46cd-a9e1-51e9a5524128,ENTERPRISEPREMIUM_NOPSTNCONF
Office 365 Extra File Storage,99049c9c-6011-4908-bf17-15f496e6519d,SHAREPOINTSTORAGE
Office 365 Extra File Storage for GCC,e5788282-6381-469f-84f0-3d7d4021d34d,SHAREPOINTSTORAGE_GOV
Office 365 F3,4b585984-651b-448a-9e53-3b10f069cf7f,DESKLESSPACK
Office 365 F3 EEA (no Teams),d1f0495b-cb7b-4e11-8b85-daee7e7e5664,Office_365_F3_EEA_(no_Teams)
Office 365 F3_USGOV_GCCHIGH,74039b88-bd62-4b5c-9d9c-7a92bbc0bfdf,DESKLESSPACK_USGOV_GCCHIGH
Office 365 G1 GCC,3f4babde-90ec-47c6-995d-d223749065d1,STANDARDPACK_GOV
Office 365 G3 GCC,535a3a29-c5f0-42fe-8215-d3b9e1f38c4a,ENTERPRISEPACK_GOV
Office 365 G3 without Microsoft 365 Apps GCC,24aebea8-7fac-48d0-8750-de4ee1fde205,ENTERPRISEPACKWITHOUTPROPLUS_GOV
Office 365 G5 GCC,8900a2c0-edba-4079-bdf3-b276e293b6a8,ENTERPRISEPREMIUM_GOV
Office 365 GCC G5 without Audio Conferencing,1341559b-49df-443c-8e79-fa604fed2d82,ENTERPRISEPREMIUM_NOPSTNCONF_NOPBI_GOV
Office 365 GCC G5 without Power BI and Phone System,2f105cc2-c2c1-435b-a955-c5e82156c05d,ENTERPRISEPREMIUM_NOPBIPBX_GOV
Office 365 Midsize Business,04a7fb0d-32e0-4241-b4f5-3f7618cd1162,MIDSIZEPACK
Office 365 Multi-Geo Capabilities,84951599-62b7-46f3-9c9d-30551b2ad607,OFFICE365_MULTIGEO
Office 365 Small Business,bd09678e-b83c-4d3f-aaba-3dad4abd128b,LITEPACK
Office 365 Small Business Premium,fc14ec4a-4169-49a4-a51e-2c852931814b,LITEPACK_P2
Office Mobile Apps for Office 365 for GCC,64fca79f-c471-4e13-a335-9069cddf8aeb,OFFICEMOBILE_SUBSCRIPTION_GOV_TEST
OneDrive for Business (Plan 1),e6778190-713e-4e4f-9119-8b8238de25df,WACONEDRIVESTANDARD
OneDrive for Business (Plan 2),ed01faf2-1d88-4947-ae91-45ca18703a96,WACONEDRIVEENTERPRISE
Planner and Project Plan 3,53818b1b-4a27-454b-8896-0dba576410e6,PROJECTPROFESSIONAL
Planner Plan 1,beb6439c-caad-48d3-bf46-0c82871e12be,PROJECT_P1
Power Apps and Logic Flows,87bbbc60-4754-4998-8c88-227dca264858,POWERAPPS_INDIVIDUAL_USER
Power Apps Per App BD Only for GCC,cdc8d0fc-fd16-4954-aae6-ed89a99f5620,POWERAPPS_PER_APP_BD_ONLY_GCC
Power Apps per app plan,a8ad7d2b-b8cf-49d6-b25a-69094a0be206,POWERAPPS_PER_APP
Power Apps per app plan (1 app or portal),b4d7b828-e8dc-4518-91f9-e123ae48440d,POWERAPPS_PER_APP_NEW
Power Apps per app plan (1 app or website) BD Only - GCC,816ee058-f70c-42ad-b433-d6171984ea20,Power_Apps_per_app_plan_(1_app_or_portal)_BD_Only_GCC
Power Apps per app plan (1 app or website) for Government,c14d7f00-457c-4e3e-8960-48f35459b3c9,POWERAPPS_PER_APP_GCC_NEW
Power Apps per app plan for Government,8623b2d7-5e24-4281-b6b7-086a5f3b0b1c,POWERAPPS_PER_APP_GCC
Power Apps Per User BD Only,2ced8a00-3ed1-4295-ab7c-57170ff28e58,POWERAPPS_PER_USER_BD_ONLY
Power Apps Portals login capacity add-on Tier 2 (10 unit min),57f3babd-73ce-40de-bcb2-dadbfbfff9f7,POWERAPPS_PORTALS_LOGIN_T2
Power Apps Portals login capacity add-on Tier 2 (10 unit min) for Government,26c903d5-d385-4cb1-b650-8d81a643b3c4,POWERAPPS_PORTALS_LOGIN_T2_GCC
Power Apps Portals login capacity add-on Tier 3 (50 unit min),927d8402-8d3b-40e8-b779-34e859f7b497,POWERAPPS_PORTALS_LOGIN_T3
Power Apps Portals page view capacity add-on,a0de5e3a-2500-4a19-b8f4-ec1c64692d22,POWERAPPS_PORTALS_PAGEVIEW
Power Apps Portals page view capacity add-on for Government,15a64d3e-5b99-4c4b-ae8f-aa6da264bfe7,POWERAPPS_PORTALS_PAGEVIEW_GCC
Power Apps Premium,b30411f5-fea1-4a59-9ad9-3db7c7ead579,POWERAPPS_PER_USER
Power Apps Premium embedded,2a6fb3c6-30cc-4558-a69d-032425c1a3ba,POWERAPPS_PER_USER_ISVEMB
Power Apps Premium for Government,8e4c6baa-f2ff-4884-9c38-93785d0d7ba1,POWERAPPS_PER_USER_GCC
Power Automate per flow plan,b3a42176-0a8c-4c3f-ba4e-f2b37fe5be6b,FLOW_BUSINESS_PROCESS
Power Automate per flow plan for Government,d9de51e5-d8cd-45bb-8da3-1d55e28c52e6,FLOW_BUSINESS_PROCESS_GCC
Power Automate per user plan,4a51bf65-409c-4a91-b845-1121b571cc9d,FLOW_PER_USER
Power Automate per user plan dept,d80a4c5d-8f05-4b64-9926-6574b9e6aee4,FLOW_PER_USER_DEPT
Power Automate per user plan for Government,c8803586-c136-479a-8ff3-f5f32d23a68e,FLOW_PER_USER_GCC
Power Automate Premium,eda1941c-3c4f-4995-b5eb-e85a42175ab9,POWERAUTOMATE_ATTENDED_RPA
Power Automate Premium for Government,d3987516-4b53-4dc0-8335-411260bf5626,POWERAUTOMATE_ATTENDED_RPA_GCC
Power Automate Process,253ce8d3-6122-4240-8b04-f434a8fa831f,Power_Automate_per_process
Power Automate unattended RPA add-on,3539d28c-6e35-4a30-b3a9-cd43d5d3e0e2,POWERAUTOMATE_UNATTENDED_RPA
Power Automate unattended RPA add-on for Government,086e9b70-4720-4442-ab6d-3ef32bfb4721,POWERAUTOMATE_UNATTENDED_RPA_GCC
Power BI,e2767865-c3c9-4f09-9f99-6eee6eef861a,POWER_BI_INDIVIDUAL_USER
Power BI for Office 365 Add-On,45bc2c81-6072-436a-9b0b-3b12eefbc402,POWER_BI_ADDON
Power BI Premium EM1,bc757c42-5622-4583-a483-a9e537fcb71c,PBI_PREMIUM_EM1_ADDON
Power BI Premium EM2,8ecbd3c1-b108-437c-a859-e3c125e3f83f,PBI_PREMIUM_EM2_ADDON
Power BI Premium P1,7b26f5ab-a763-4c00-a1ac-f6c4b5506945,PBI_PREMIUM_P1_ADDON
Power BI Premium P1 GCC,f59b22a0-9819-48bf-b01d-715ef2b31027,PBI_PREMIUM_P1_ADDON_GCC
Power BI Premium Per User,c1d032e0-5619-4761-9b5c-75b6831e1711,PBI_PREMIUM_PER_USER
Power BI Premium Per User Add-On,de376a03-6e5b-42ec-855f-093fb50b8ca5,PBI_PREMIUM_PER_USER_ADDON
Power BI Premium Per User Add-On for Faculty,c05b235f-be75-4029-8851-6a4170758eef,PBI_PREMIUM_PER_USER_ADDON_FACULTY
Power BI Premium Per User Add-On for GCC (PBI_PREMIUM_PER_USER_ADDON_CE_GCC),66024bbf-4cd4-4329-95c8-c932e2ae01a8,PBI_PREMIUM_PER_USER_ADDON_CE_GCC
Power BI Premium Per User Add-On for GCC (PBI_PREMIUM_PER_USER_ADDON_GCC),1b572d5e-1bf8-4b19-9259-f9eda31a6972,PBI_PREMIUM_PER_USER_ADDON_GCC
Power BI Premium Per User Dept,f168a3fb-7bcf-4a27-98c3-c235ea4b78b4,PBI_PREMIUM_PER_USER_DEPT
Power BI Premium Per User for Faculty,060d8061-f606-4e69-a4e7-e8fff75ea1f5,PBI_PREMIUM_PER_USER_FACULTY
Power BI Premium Per User for Government,e53d92fc-778b-4a8b-83de-791240ebf88d,PBI_PREMIUM_PER_USER_GCC
Power BI Pro,f8a1db68-be16-40ed-86d5-cb42ce701560,POWER_BI_PRO
Power BI Pro CE,420af87e-8177-4146-a780-3786adaffbca,POWER_BI_PRO_CE
Power BI Pro Dept,3a6a908c-09c5-406a-8170-8ebb63c42882,POWER_BI_PRO_DEPT
Power BI Pro for Faculty,de5f128b-46d7-4cfc-b915-a89ba060ea56,POWER_BI_PRO_FACULTY
Power BI Pro for GCC,f0612879-44ea-47fb-baf0-3d76d9235576,POWERBI_PRO_GOV
Power Pages authenticated users T1 100 users/per site/month capacity pack,debc9e58-f2d7-412c-a0b6-575608564228,Power_Pages_authenticated_users_T1_100_users/per_site/month_capacity_pack
Power Pages authenticated users T1 100 users/per site/month capacity pack CN_CN,9a3c2a19-06c0-41b1-b2ea-13528d7b2e17,Power Pages authenticated users T1_CN_CN
Power Pages authenticated users T1 100 users/per site/month capacity pack_GCC,27cb5f12-2e3f-4997-a649-45298673e6a1,Power_Pages_authenticated_users_T1_100_users/per_site/month_capacity_pack_GCC
Power Pages authenticated users T1 100 users/per site/month capacity pack_USGOV_DOD,b54f012e-69e1-43b1-87d0-666def064940,Power_Pages_authenticated_users_T1_100_users/per_site/month_capacity_pack_USGOV_DOD
Power Pages authenticated users T1 100 users/per site/month capacity pack_USGOV_GCCHIGH,978ec396-f930-4ee1-85f3-e1d82e8f73a4,Power_Pages_authenticated_users_T1_100_users/per_site/month_capacity_pack_USGOV_GCCHIGH
Power Pages authenticated users T2 min 100 units - 100 users/per site/month capacity pack,6fe1e61a-91e5-40d7-a547-0d2dcc81bce8,Power_Pages_authenticated_users_T2_min_100_units_100_users/per_site/month_capacity_pack
Power Pages authenticated users T2 min 100 units - 100 users/per site/month capacity pack CN_CN,7d2bb54a-a870-41c2-98d1-1f3b5b523275,Power Pages authenticated users T2_CN_CN
Power Pages authenticated users T2 min 100 units - 100 users/per site/month capacity pack_GCC,5f43d48c-dd3d-4dd8-a059-70c2f040f979,Power_Pages_authenticated_users_T2_min_100_units_100_users/per_site/month_capacity_pack_GCC
Power Pages authenticated users T2 min 100 units - 100 users/per site/month capacity pack_USGOV_DOD,f3d55e2d-4367-44fa-952e-83d0b5dd53fc,Power_Pages_authenticated_users_T2_min_100_units_100_users/per_site/month_capacity_pack_USGOV_DOD
Power Pages authenticated users T2 min 100 units - 100 users/per site/month capacity pack_USGOV_GCCHIGH,7cae5432-61bb-48c3-b75c-831394ec13a0,Power_Pages_authenticated_users_T2_min_100_units_100_users/per_site/month_capacity_pack_USGOV_GCCHIGH
"Power Pages authenticated users T3 min 1,000 units - 100 users/per site/month capacity pack",878b8bbd-3cd0-4b44-9a56-3406741e65e0,"Power_Pages_authenticated_users_T3_min_1,000_units_100_users/per_site/month_capacity_pack"
"Power Pages authenticated users T3 min 1,000 units - 100 users/per site/month capacity pack CN_CN",2cfd692f-a352-4fa8-b960-e3ad0c9b1178,Power Pages authenticated users T3_CN_CN
"Power Pages authenticated users T3 min 1,000 units - 100 users/per site/month capacity pack_GCC",53265c61-c78c-4223-ab30-422da0c97fbb,"Power_Pages_authenticated_users_T3_min_1,000_units_100_users/per_site/month_capacity_pack_GCC"
"Power Pages authenticated users T3 min 1,000 units - 100 users/per site/month capacity pack_USGOV_DOD",398d37b5-8deb-48db-8f7f-703eb2fb7c72,"Power_Pages_authenticated_users_T3_min_1,000_units_100_users/per_site/month_capacity_pack_USGOV_DOD"
"Power Pages authenticated users T3 min 1,000 units - 100 users/per site/month capacity pack_USGOV_GCCHIGH",01d46c34-3525-47d5-bd1a-5f19979938a0,"Power_Pages_authenticated_users_T3_min_1,000_units_100_users/per_site/month_capacity_pack_USGOV_GCCHIGH"
Power Virtual Agent,e4e55366-9635-46f4-a907-fc8c3b5ec81f,VIRTUAL_AGENT_BASE
Power Virtual Agent for GCC,9900a3e2-6660-4c52-9074-60c949991389,VIRTUAL_AGENT_BASE_GCC
PowerApps & Flow GCC Test - O365 & Dyn365 Plans,0f13a262-dc6f-4800-8dc6-a62f72c95fad,POWERFLOWGCC_TEST
PowerApps per app baseline access,bf666882-9c9b-4b2e-aa2f-4789b0a52ba2,POWERAPPS_PER_APP_IW
PowerApps Plan 1 for Government,eca22b68-b31f-4e9c-a20c-4d40287bc5dd,POWERAPPS_P1_GOV
Privacy Management - risk for EDU,dcdbaae7-d8c9-40cb-8bb1-62737b9e5a86,PRIVACY_MANAGEMENT_RISK_EDU
Privacy Management - risk GCC,046f7d3b-9595-4685-a2e8-a2832d2b26aa,PRIVACY_MANAGEMENT_RISK_GCC
Privacy Management - risk_USGOV_DOD,83b30692-0d09-435c-a455-2ab220d504b9,PRIVACY_MANAGEMENT_RISK_USGOV_DOD
Privacy Management - risk_USGOV_GCCHIGH,787d7e75-29ca-4b90-a3a9-0b780b35367c,PRIVACY_MANAGEMENT_RISK_USGOV_GCCHIGH
Privacy Management - subject rights request (1),d9020d1c-94ef-495a-b6de-818cbbcaa3b8,PRIVACY_MANAGEMENT_SUB_RIGHTS_REQ_1_V2
Privacy Management - subject rights request (1) for EDU,475e3e81-3c75-4e07-95b6-2fed374536c8,PRIVACY_MANAGEMENT_SUB_RIGHTS_REQ_1_EDU_V2
Privacy Management - subject rights request (1) GCC,017fb6f8-00dd-4025-be2b-4eff067cae72,PRIVACY_MANAGEMENT_SUB_RIGHTS_REQ_1_V2_GCC
Privacy Management - subject rights request (1) USGOV_DOD,d3c841f3-ea93-4da2-8040-6f2348d20954,PRIVACY_MANAGEMENT_SUB_RIGHTS_REQ_1_V2_USGOV_DOD
Privacy Management - subject rights request (1) USGOV_GCCHIGH,706d2425-6170-4818-ba08-2ad8f1d2d078,PRIVACY_MANAGEMENT_SUB_RIGHTS_REQ_1_V2_USGOV_GCCHIGH
Privacy Management - subject rights request (10),78ea43ac-9e5d-474f-8537-4abb82dafe27,PRIVACY_MANAGEMENT_SUB_RIGHTS_REQ_10_V2
Privacy Management - subject rights request (10) for EDU,e001d9f1-5047-4ebf-8927-148530491f83,PRIVACY_MANAGEMENT_SUB_RIGHTS_REQ_10_EDU_V2
Privacy Management - subject rights request (10) GCC,a056b037-1fa0-4133-a583-d05cff47d551,PRIVACY_MANAGEMENT_SUB_RIGHTS_REQ_10_V2_GCC
Privacy Management - subject rights request (10) USGOV_DOD,ab28dfa1-853a-4f54-9315-f5146975ac9a,PRIVACY_MANAGEMENT_SUB_RIGHTS_REQ_10_V2_USGOV_DOD
Privacy Management - subject rights request (10) USGOV_GCCHIGH,f6aa3b3d-62f4-4c1d-a44f-0550f40f729c,PRIVACY_MANAGEMENT_SUB_RIGHTS_REQ_10_V2_USGOV_GCCHIGH
Privacy Management - subject rights request (100),cf4c6c3b-f863-4940-97e8-1d25e912f4c4,PRIVACY_MANAGEMENT_SUB_RIGHTS_REQ_100_V2
Privacy Management - subject rights request (100) for EDU,9b85b4f0-92d9-4c3d-b230-041520cb1046,PRIVACY_MANAGEMENT_SUB_RIGHTS_REQ_100_EDU_V2
Privacy Management - subject rights request (100) GCC,91bbc479-4c2c-4210-9c88-e5b468c35b83,PRIVACY_MANAGEMENT_SUB_RIGHTS_REQ_100_V2_GCC
Privacy Management - subject rights request (100) USGOV_DOD,ba6e69d5-ba2e-47a7-b081-66c1b8e7e7d4,PRIVACY_MANAGEMENT_SUB_RIGHTS_REQ_100_V2_USGOV_DOD
Privacy Management - subject rights request (100) USGOV_GCCHIGH,cee36ce4-cc31-481f-8cab-02765d3e441f,PRIVACY_MANAGEMENT_SUB_RIGHTS_REQ_100_V2_USGOV_GCCHIGH
Privacy Management - subject rights request (50) (PRIVACY_MANAGEMENT_SUB_RIGHTS_REQ_50),c416b349-a83c-48cb-9529-c420841dedd6,PRIVACY_MANAGEMENT_SUB_RIGHTS_REQ_50
Privacy Management - subject rights request (50) (PRIVACY_MANAGEMENT_SUB_RIGHTS_REQ_50_V2),f6c82f13-9554-4da1-bed3-c024cc906e02,PRIVACY_MANAGEMENT_SUB_RIGHTS_REQ_50_V2
Privacy Management - subject rights request (50) for EDU,ed45d397-7d61-4110-acc0-95674917bb14,PRIVACY_MANAGEMENT_SUB_RIGHTS_REQ_50_EDU_V2
Privacy Management – risk,e42bc969-759a-4820-9283-6b73085b68e6,PRIVACY_MANAGEMENT_RISK
Project for Office 365,a10d5e58-74da-4312-95c8-76be4e5b75a0,PROJECTCLIENT
Project Online Essentials,776df282-9fc0-4862-99e2-70e561b9909e,PROJECTESSENTIALS
Project Online Essentials for Faculty,e433b246-63e7-4d0b-9efa-7940fa3264d6,PROJECTESSENTIALS_FACULTY
Project Online Essentials for GCC,ca1a159a-f09e-42b8-bb82-cb6420f54c8e,PROJECTESSENTIALS_GOV
Project Online Premium,09015f9f-377f-4538-bbb5-f75ceb09358a,PROJECTPREMIUM
Project Online Premium Without Project Client,2db84718-652c-47a7-860c-f10d8abbdae3,PROJECTONLINE_PLAN_1
Project Online With Project for Office 365,f82a60b8-1ee3-4cfb-a4fe-1c6a53c2656c,PROJECTONLINE_PLAN_2
Project Plan 1 (for Department),84cd610f-a3f8-4beb-84ab-d9d2c902c6c9,PROJECT_PLAN1_DEPT
Project Plan 3 (for Department),46102f44-d912-47e7-b0ca-1bd7b70ada3b,PROJECT_PLAN3_DEPT
Project Plan 3 for Faculty,46974aed-363e-423c-9e6a-951037cec495,PROJECTPROFESSIONAL_FACULTY
Project Plan 3 for GCC,074c6829-b3a0-430a-ba3d-aca365e57065,PROJECTPROFESSIONAL_GOV
Project Plan 3 for GCC TEST,5d505572-203c-4b83-aa9b-dab50fb46277,Project_Professional_TEST_GCC
Project Plan 3_USGOV_GCCHIGH,64758d81-92b7-4855-bcac-06617becb3e8,PROJECTPROFESSIONAL_USGOV_GCCHIGH
Project Plan 5 for faculty,930cc132-4d6b-4d8c-8818-587d17c50d56,PROJECTPREMIUM_FACULTY
Project Plan 5 for GCC,f2230877-72be-4fec-b1ba-7156d6f75bd6,PROJECTPREMIUM_GOV
Project Plan 5 without Project Client for Faculty,b732e2a7-5694-4dff-a0f2-9d9204c794ac,PROJECTONLINE_PLAN_1_FACULTY
Rights Management Service Basic Content Protection,093e8d14-a334-43d9-93e3-30589a8b47d0,RMSBASIC
Sensor Data Intelligence Additional Machines Add-in for Dynamics 365 Supply Chain Management,08e18479-4483-4f70-8f17-6f92156d8ea9,DYN365_IOT_INTELLIGENCE_ADDL_MACHINES
Sensor Data Intelligence Scenario Add-in for Dynamics 365 Supply Chain Management,9ea4bdef-a20b-4668-b4a7-73e1f7696e0a,DYN365_IOT_INTELLIGENCE_SCENARIO
SharePoint Online (Plan 1),1fc08a02-8b3d-43b9-831e-f76859e04e1a,SHAREPOINTSTANDARD
SharePoint Online (Plan 2),a9732ec9-17d9-494c-a51c-d6b45b384dcb,SHAREPOINTENTERPRISE
SharePoint Syntex,f61d4aba-134f-44e9-a2a0-f81a5adb26e4,Intelligent_Content_Services
Skype for Business Online (Plan 1),b8b749f8-a4ef-4887-9539-c95b1eaa5db7,MCOIMP
Skype for Business Online (Plan 2),d42c793f-6c78-4f43-92ca-e8f6a02b035f,MCOSTANDARD
Skype for Business PSTN Calling Domestic Small,d43177b5-475b-4880-92d4-d54c27b5efbd,MCOPSTN5
Skype for Business PSTN Domestic and International Calling,d3b4fe1f-9992-4930-8acb-ca6ec609365e,MCOPSTN2
Skype for Business PSTN Domestic Calling,0dab259f-bf13-4952-b7f8-7db8f131b28d,MCOPSTN1
Skype for Business PSTN Domestic Calling (120 Minutes),54a152dc-90de-4996-93d2-bc47e670fc06,MCOPSTN5
Skype for Business PSTN Usage Calling Plan,06b48c5f-01d9-4b18-9015-03b52040f51a,MCOPSTNPP
Skype Meeting Video Interop for Skype for Business,610b16c2-bc9b-4b6b-b59f-0168123049ad,VIDEO_INTEROP
Teams Phone Mobile,b84d58c9-0a0d-46cf-8a4b-d9f23c1674d5,Operator_Connect_Mobile
Teams Phone with Calling Plan,ae2343d1-0999-43f6-ae18-d816516f6e78,MCOTEAMS_ESSENTIALS
Teams Premium (for Departments),52ea0e27-ae73-4983-a08f-13561ebdb823,Teams_Premium_(for_Departments)
Teams Premium for Faculty,960a972f-d017-4a17-8f64-b42c8035bc7d,Teams_Premium_for_Faculty
Teams Rooms Premium,4fb214cb-a430-4a91-9c91-4976763aa78f,MTR_PREM
TELSTRA Calling for O365,de3312e1-c7b0-46e6-a7c3-a515ff90bc86,MCOPSTNEAU2
Universal Print,9f3d9c1d-25a5-4aaa-8e59-23a1e6450a67,UNIVERSAL_PRINT
Visio Plan 1 (VISIOONLINE_PLAN1),4b244418-9658-4451-a2b8-b5e2b364e9bd,VISIOONLINE_PLAN1
Visio Plan 1 (VISIO_PLAN1_DEPT),ca7f3140-d88c-455b-9a1c-7f0679e31a76,VISIO_PLAN1_DEPT
Visio Plan 2 (VISIO_PLAN2_DEPT),38b434d2-a15e-4cde-9a98-e737c75623e1,VISIO_PLAN2_DEPT
Visio Plan 2 (VISIOCLIENT),c5928f49-12ba-48f7-ada3-0d743a3601d5,VISIOCLIENT
Visio Plan 2 for Faculty,bf95fd32-576a-4742-8d7a-6dc4940b9532,VISIOCLIENT_FACULTY
Visio Plan 2 for GCC,4ae99959-6b0f-43b0-b1ce-68146001bdba,VISIOCLIENT_GOV
Visio Plan 2_USGOV_GCCHIGH,80e52531-ad7f-44ea-abc3-28e389462f1b,VISIOCLIENT_USGOV_GCCHIGH
Viva Goals User-led,3a349c99-ffec-43d2-a2e8-6b97fcb71103,Viva_Goals_User_led
Viva Learning,c9d442fc-21fb-4bd7-89e0-a710d74987f6,VIVA_LEARNING
Viva Topics,4016f256-b063-4864-816e-d818aad600c9,TOPIC_EXPERIENCES
Windows 10/11 Enterprise A3 for faculty,8efbe2f6-106e-442f-97d4-a59aa6037e06,WIN10_ENT_A3_FAC
Windows 10/11 Enterprise A3 for students,d4ef921e-840b-4b48-9a90-ab6698bc7b31,WIN10_ENT_A3_STU
Windows 10/11 Enterprise A5 for faculty,7b1a89a9-5eb9-4cf8-9467-20c943f1122c,WIN10_ENT_A5_FAC
Windows 10/11 Enterprise E3 (WIN10_VDA_E3),6a0f6da5-0b87-4190-a6ae-9bb5a2b9546a,WIN10_VDA_E3
Windows 10/11 Enterprise E3 (WIN10_PRO_ENT_SUB),cb10e6cd-9da4-4992-867b-67546b1db821,WIN10_PRO_ENT_SUB
Windows 10/11 Enterprise E3 VDA,d13ef257-988a-46f3-8fce-f47484dd4550,E3_VDA_only
Windows 10/11 Enterprise E5,488ba24a-39a9-4473-8ee5-19291e71b002,WIN10_VDA_E5
Windows 10/11 Enterprise E5 (Original),1e7e1070-8ccb-4aca-b470-d7cb538cb07e,WIN_ENT_E5
Windows 10/11 Enterprise E5 Commercial (GCC Compatible),938fd547-d794-42a4-996c-1cc206619580,WINE5_GCC_COMPAT
Windows 365 Business 1 vCPU 2 GB 64 GB,816eacd3-e1e3-46b3-83c8-1ffd37e053d9,CPC_B_1C_2RAM_64GB
"Windows 365 Business 16 vCPU, 64 GB, 1 TB",24be3cd7-82ca-41a5-94a7-4903373cdcae,"Windows_365_Business_16_vCPU,_64_GB,_1_TB"
"Windows 365 Business 16 vCPU, 64 GB, 512 GB",93d9955a-ec70-44d5-8faa-a194492390f7,"Windows_365_Business_16_vCPU,_64_GB,_512_GB"
Windows 365 Business 2 vCPU 4 GB 128 GB,135bee78-485b-4181-ad6e-40286e311850,CPC_B_2C_4RAM_128GB
Windows 365 Business 2 vCPU 4 GB 256 GB,805d57c3-a97d-4c12-a1d0-858ffe5015d0,CPC_B_2C_4RAM_256GB
Windows 365 Business 2 vCPU 4 GB 64 GB,42e6818f-8966-444b-b7ac-0027c83fa8b5,CPC_B_2C_4RAM_64GB
Windows 365 Business 2 vCPU 8 GB 128 GB,71f21848-f89b-4aaa-a2dc-780c8e8aac5b,CPC_B_2C_8RAM_128GB
Windows 365 Business 2 vCPU 8 GB 256 GB,750d9542-a2f8-41c7-8c81-311352173432,CPC_B_2C_8RAM_256GB
Windows 365 Business 4 vCPU 16 GB 128 GB,ad83ac17-4a5a-4ebb-adb2-079fb277e8b9,CPC_B_4C_16RAM_128GB
Windows 365 Business 4 vCPU 16 GB 128 GB (with Windows Hybrid Benefit),439ac253-bfbc-49c7-acc0-6b951407b5ef,CPC_B_4C_16RAM_128GB_WHB
Windows 365 Business 4 vCPU 16 GB 256 GB,b3891a9f-c7d9-463c-a2ec-0b2321bda6f9,CPC_B_4C_16RAM_256GB
Windows 365 Business 4 vCPU 16 GB 512 GB,1b3043ad-dfc6-427e-a2c0-5ca7a6c94a2b,CPC_B_4C_16RAM_512GB
Windows 365 Business 8 vCPU 32 GB 128 GB,3cb45fab-ae53-4ff6-af40-24c1915ca07b,CPC_B_8C_32RAM_128GB
Windows 365 Business 8 vCPU 32 GB 256 GB,fbc79df2-da01-4c17-8d88-17f8c9493d8f,CPC_B_8C_32RAM_256GB
Windows 365 Business 8 vCPU 32 GB 512 GB,8ee402cd-e6a8-4b67-a411-54d1f37a2049,CPC_B_8C_32RAM_512GB
Windows 365 Enterprise 1 vCPU 2 GB 64 GB,0c278af4-c9c1-45de-9f4b-cd929e747a2c,CPC_E_1C_2GB_64GB
Windows 365 Enterprise 2 vCPU 4 GB 128 GB,226ca751-f0a4-4232-9be5-73c02a92555e,CPC_E_2C_4GB_128GB
Windows 365 Enterprise 2 vCPU 4 GB 128 GB (Preview),bce09f38-1800-4a51-8d50-5486380ba84a,CPC_LVL_1
Windows 365 Enterprise 2 vCPU 4 GB 256 GB,5265a84e-8def-4fa2-ab4b-5dc278df5025,CPC_E_2C_4GB_256GB
Windows 365 Enterprise 2 vCPU 4 GB 64 GB,7bb14422-3b90-4389-a7be-f1b745fc037f,CPC_E_2C_4GB_64GB
Windows 365 Enterprise 2 vCPU 8 GB 128 GB,e2aebe6c-897d-480f-9d62-fff1381581f7,CPC_E_2C_8GB_128GB
Windows 365 Enterprise 2 vCPU 8 GB 128 GB (Preview),461cb62c-6db7-41aa-bf3c-ce78236cdb9e,CPC_LVL_2
Windows 365 Enterprise 2 vCPU 8 GB 256 GB,1c79494f-e170-431f-a409-428f6053fa35,CPC_E_2C_8GB_256GB
Windows 365 Enterprise 4 vCPU 16 GB 128 GB,d201f153-d3b2-4057-be2f-fe25c8983e6f,CPC_E_4C_16GB_128GB
Windows 365 Enterprise 4 vCPU 16 GB 256 GB,96d2951e-cb42-4481-9d6d-cad3baac177e,CPC_E_4C_16GB_256GB
Windows 365 Enterprise 4 vCPU 16 GB 256 GB (Preview),bbb4bf6e-3e12-4343-84a1-54d160c00f40,CPC_LVL_3
Windows 365 Enterprise 4 vCPU 16 GB 512 GB,0da63026-e422-4390-89e8-b14520d7e699,CPC_E_4C_16GB_512GB
Windows 365 Enterprise 8 vCPU 32 GB 128 GB,c97d00e4-0c4c-4ec2-a016-9448c65de986,CPC_E_8C_32GB_128GB
Windows 365 Enterprise 8 vCPU 32 GB 256 GB,7818ca3e-73c8-4e49-bc34-1276a2d27918,CPC_E_8C_32GB_256GB
Windows 365 Enterprise 8 vCPU 32 GB 512 GB,9fb0ba5f-4825-4e84-b239-5167a3a5d4dc,CPC_E_8C_32GB_512GB
Windows 365 Shared Use 2 vCPU 4 GB 128 GB,90369797-7141-4e75-8f5e-d13f4b6092c1,Windows_365_S_2vCPU_4GB_128GB
Windows 365 Shared Use 2 vCPU 4 GB 256 GB,8fe96593-34d3-49bb-aeee-fb794fed0800,Windows_365_S_2vCPU_4GB_256GB
Windows 365 Shared Use 2 vCPU 4 GB 64 GB,1f9990ca-45d9-4c8d-8d04-a79241924ce1,Windows_365_S_2vCPU_4GB_64GB
Windows 365 Shared Use 2 vCPU 8 GB 128 GB,2d21fc84-b918-491e-ad84-e24d61ccec94,Windows_365_S_2vCPU_8GB_128GB
Windows 365 Shared Use 2 vCPU 8 GB 256 GB,2eaa4058-403e-4434-9da9-ea693f5d96dc,Windows_365_S_2vCPU_8GB_256GB
Windows 365 Shared Use 4 vCPU 16 GB 128 GB,1bf40e76-4065-4530-ac37-f1513f362f50,Windows_365_S_4vCPU_16GB_128GB
Windows 365 Shared Use 4 vCPU 16 GB 256 GB,a9d1e0df-df6f-48df-9386-76a832119cca,Windows_365_S_4vCPU_16GB_256GB
Windows 365 Shared Use 4 vCPU 16 GB 512 GB,469af4da-121c-4529-8c85-9467bbebaa4b,Windows_365_S_4vCPU_16GB_512GB
Windows 365 Shared Use 8 vCPU 32 GB 128 GB,f319c63a-61a9-42b7-b786-5695bc7edbaf,Windows_365_S_8vCPU_32GB_128GB
Windows 365 Shared Use 8 vCPU 32 GB 256 GB,fb019e88-26a0-4218-bd61-7767d109ac26,Windows_365_S_8vCPU_32GB_256GB
Windows 365 Shared Use 8 vCPU 32 GB 512 GB,f4dc1de8-8c94-4d37-af8a-1fca6675590a,Windows_365_S_8vCPU_32GB_512GB
Workload Identities Premium,73fa80b5-689f-4db9-bbe4-bd414bc41e44,Workload_Identities_Premium_CN
